# Polytronix URL Redirects - Updated for Nested Structure

# Industries - Main pages
/aerospace-defense /industries/aerospace-defense.html 301
/aerospace-defense.html /industries/aerospace-defense.html 301
/industrials /industries/industrials.html 301
/industrials.html /industries/industrials.html 301

# Industries - Aerospace & Defense sub-pages
/commercial-aviation /industries/aerospace-defense/commercial-aviation.html 301
/commercial-aviation.html /industries/aerospace-defense/commercial-aviation.html 301
/business-aviation /industries/aerospace-defense/business-aviation.html 301
/business-aviation.html /industries/aerospace-defense/business-aviation.html 301
/military-programs /industries/aerospace-defense/military-programs.html 301
/military-programs.html /industries/aerospace-defense/military-programs.html 301
/helicopters /industries/aerospace-defense/helicopters.html 301
/helicopters.html /industries/aerospace-defense/helicopters.html 301
/simulation-training /industries/aerospace-defense/simulation-training.html 301
/simulation-training.html /industries/aerospace-defense/simulation-training.html 301
/maritime-marine /industries/aerospace-defense/maritime-marine.html 301
/maritime-marine.html /industries/aerospace-defense/maritime-marine.html 301

# Industries - Industrials sub-pages
/rail-transit /industries/industrials/rail-transit.html 301
/rail-transit.html /industries/industrials/rail-transit.html 301
/energy-utilities /industries/industrials/energy-utilities.html 301
/energy-utilities.html /industries/industrials/energy-utilities.html 301
/transportation-automotive /industries/industrials/transportation-automotive.html 301
/transportation-automotive.html /industries/industrials/transportation-automotive.html 301
/medical-life-sciences /industries/industrials/medical-life-sciences.html 301
/medical-life-sciences.html /industries/industrials/medical-life-sciences.html 301
/oil-gas /industries/industrials/oil-gas.html 301
/oil-gas.html /industries/industrials/oil-gas.html 301
/communications-networking /industries/industrials/communications-networking.html 301
/communications-networking.html /industries/industrials/communications-networking.html 301
/industrial-equipment /industries/industrials/industrial-equipment.html 301
/industrial-equipment.html /industries/industrials/industrial-equipment.html 301

# Capabilities
/displays /capabilities/displays.html 301
/displays.html /capabilities/displays.html 301
/optical-bonding /capabilities/optical-bonding.html 301
/optical-bonding.html /capabilities/optical-bonding.html 301
/nvis-solutions /capabilities/nvis-solutions.html 301
/nvis-solutions.html /capabilities/nvis-solutions.html 301
/ruggedization /capabilities/ruggedization.html 301
/ruggedization.html /capabilities/ruggedization.html 301
/touch-integration /capabilities/touch-integration.html 301
/touch-integration.html /capabilities/touch-integration.html 301
/electro-mechanical-assemblies /capabilities/electro-mechanical-assemblies.html 301
/electro-mechanical-assemblies.html /capabilities/electro-mechanical-assemblies.html 301
/box-builds /capabilities/box-builds.html 301
/box-builds.html /capabilities/box-builds.html 301
/instrument-panels /capabilities/instrument-panels.html 301
/instrument-panels.html /capabilities/instrument-panels.html 301
/instrument-lighting /capabilities/instrument-lighting.html 301
/instrument-lighting.html /capabilities/instrument-lighting.html 301
/cable-wire-harnesses /capabilities/cable-wire-harnesses.html 301
/cable-wire-harnesses.html /capabilities/cable-wire-harnesses.html 301
/harness-design /capabilities/harness-design.html 301
/harness-design.html /capabilities/harness-design.html 301
/pcb-assembly /capabilities/pcb-assembly.html 301
/pcb-assembly.html /capabilities/pcb-assembly.html 301
/machining /capabilities/machining.html 301
/machining.html /capabilities/machining.html 301
/custom-engineering /capabilities/custom-engineering.html 301
/custom-engineering.html /capabilities/custom-engineering.html 301
/repair-station /capabilities/repair-station.html 301
/repair-station.html /capabilities/repair-station.html 301

# Trailing slash normalization for nested paths
/industries/aerospace-defense /industries/aerospace-defense.html 301
/industries/industrials /industries/industrials.html 301
/capabilities/displays /capabilities/displays.html 301

# 404 Fallback - must be last
/*    /404.html    404
